section,map_slug,map_title,map_status,layer_id,layer_title,layer_group,layer_type,default_visible,min_zoom,published_view_or_raster,source_tables,source_rows,geometry,publisher,recipe,import_status,notes
Draft map,analysis-sandbox,Analysis Sandbox,stub,,(no layers),,,,,,,,,,,,"Landing place for R and Python analysis results (hot spots, interpolated surfaces, model outputs). Results of R and Python analyses land here: run one in Admin → Analysis and choose ""Add to the Analys"
Published map,maine-broadband,Maine Broadband,ready,bg-not-served,"Locations without 100/20 Mbps, by block group",Broadband,tipg-vector,yes,,pub.maine_broadband__blockgroups,src_broadband.fcc_blockgroups,1184,MULTIPOLYGON,Federal Communications Commission (aggregated by Esri PolicyMap),me_broadband_fcc_blockgroups,imported,
Published map,maine-broadband,Maine Broadband,ready,blocks-not-served,"Locations without 100/20 Mbps, by census block",Broadband,tipg-vector,yes,11,pub.maine_broadband__blocks,src_broadband.fcc_blocks,47138,MULTIPOLYGON,Federal Communications Commission (aggregated by Esri PolicyMap),me_broadband_fcc_blocks,imported,
Published map,maine-broadband,Maine Broadband,ready,bg-fiber,"Fiber availability, by block group",Broadband,tipg-vector,no,,pub.maine_broadband__blockgroups,src_broadband.fcc_blockgroups,1184,MULTIPOLYGON,Federal Communications Commission (aggregated by Esri PolicyMap),me_broadband_fcc_blockgroups,imported,
Published map,maine-broadband,Maine Broadband,ready,maine-boundary,Maine boundary,Boundaries,tipg-vector,yes,,pub.units__state,src_census.acs5_2024_county; src_units.state,16; 1,MULTIPOLYGON; table,U.S. Census Bureau (American Community Survey),me_acs5_2024_county,imported,
Published map,maine-coast,Maine Coast,ready,growing-areas,Shellfish growing areas,Shellfish,tipg-vector,yes,,pub.maine_coast__growing_areas,src_dmr.growing_areas,45,MULTIPOLYGON,Maine Department of Marine Resources,me_dmr_growing_areas,imported,
Published map,maine-coast,Maine Coast,ready,shellfish-classes,"Shellfish classifications (2022, not real-time)",Shellfish,tipg-vector,yes,,pub.maine_coast__shellfish_classes,src_dmr.nssp_classifications_2022,447,MULTIPOLYGON,Maine Department of Marine Resources,me_dmr_nssp_2022,imported,
Published map,maine-coast,Maine Coast,ready,aquaculture-leases,Aquaculture leases,Aquaculture,tipg-vector,yes,,pub.maine_coast__aquaculture_leases,src_dmr.aquaculture_leases,201,MULTIPOLYGON,Maine Department of Marine Resources,me_dmr_aquaculture_leases,imported,
Published map,maine-coast,Maine Coast,ready,lpa-sites,Limited-purpose aquaculture sites,Aquaculture,tipg-vector,yes,,pub.maine_coast__lpa_sites,src_dmr.lpa_sites,658,POINT,Maine Department of Marine Resources,me_dmr_lpa_sites,imported,
Published map,maine-coast,Maine Coast,ready,boat-launches,Boat launches,Access,tipg-vector,yes,,pub.maine_coast__boat_launches,src_bpl.boat_launches,578,POINT,Maine GeoLibrary,me_boat_launches,imported,
Published map,maine-coast,Maine Coast,ready,maine-boundary,Maine boundary,Boundaries,tipg-vector,yes,,pub.units__state,src_census.acs5_2024_county; src_units.state,16; 1,MULTIPOLYGON; table,U.S. Census Bureau (American Community Survey),me_acs5_2024_county,imported,
Published map,maine-energy,Maine Energy,ready,pipelines,Pipelines,Fuel,tipg-vector,yes,,pub.maine_energy__pipelines,src_energy.natural_gas_pipelines; src_energy.petroleum_pipelines,48; 1,MULTILINESTRING,U.S. Energy Information Administration,me_eia_natural_gas_pipelines; me_eia_petroleum_pipelines,imported,
Published map,maine-energy,Maine Energy,ready,transmission-lines,Transmission lines,Grid,tipg-vector,yes,,pub.maine_energy__transmission_lines,src_energy.transmission_lines,404,MULTILINESTRING,U.S. Energy Information Administration,me_eia_transmission_lines,imported,
Published map,maine-energy,Maine Energy,ready,power-plants,Power plants,Generation,tipg-vector,yes,,pub.maine_energy__power_plants,src_energy.power_plants,239,POINT,U.S. Energy Information Administration,me_eia_power_plants,imported,
Published map,maine-energy,Maine Energy,ready,maine-boundary,Maine boundary,Boundaries,tipg-vector,yes,,pub.units__state,src_census.acs5_2024_county; src_units.state,16; 1,MULTIPOLYGON; table,U.S. Census Bureau (American Community Survey),me_acs5_2024_county,imported,
Published map,maine-facilities,Maine Critical Facilities,ready,cell-towers,Cellular towers,Communications,tipg-vector,no,,pub.maine_facilities__cell_towers,src_hifld.cell_towers,212,POINT,DHS Homeland Infrastructure Foundation-Level Data (archive),me_hifld_cell_towers,imported,
Published map,maine-facilities,Maine Critical Facilities,ready,colleges,Colleges and universities,Education,tipg-vector,yes,,pub.maine_facilities__colleges,src_hifld.colleges,38,POINT,DHS Homeland Infrastructure Foundation-Level Data (archive),me_hifld_colleges,imported,
Published map,maine-facilities,Maine Critical Facilities,ready,schools,Schools (K-12),Education,tipg-vector,yes,,pub.maine_facilities__schools,src_hifld.private_schools; src_hifld.public_schools,101; 605,POINT,DHS Homeland Infrastructure Foundation-Level Data (archive),me_hifld_private_schools; me_hifld_public_schools,imported,
Published map,maine-facilities,Maine Critical Facilities,ready,shelters,Emergency shelters,Emergency services,tipg-vector,no,,pub.maine_facilities__shelters,src_hifld.shelters,405,POINT,DHS Homeland Infrastructure Foundation-Level Data (archive),me_hifld_shelters,imported,
Published map,maine-facilities,Maine Critical Facilities,ready,law-enforcement,Law enforcement,Emergency services,tipg-vector,yes,,pub.maine_facilities__law_enforcement,src_hifld.law_enforcement,156,POINT,DHS Homeland Infrastructure Foundation-Level Data (archive),me_hifld_law_enforcement,imported,
Published map,maine-facilities,Maine Critical Facilities,ready,fire-ems,Fire and EMS stations,Emergency services,tipg-vector,yes,,pub.maine_facilities__fire_ems,src_hifld.fire_ems,566,POINT,DHS Homeland Infrastructure Foundation-Level Data (archive),me_hifld_fire_ems,imported,
Published map,maine-facilities,Maine Critical Facilities,ready,nursing-homes,Nursing homes and assisted living,Health,tipg-vector,no,,pub.maine_facilities__nursing_homes,src_hifld.nursing_homes,1429,POINT,DHS Homeland Infrastructure Foundation-Level Data (archive),me_hifld_nursing_homes,imported,
Published map,maine-facilities,Maine Critical Facilities,ready,hospitals,Hospitals,Health,tipg-vector,yes,,pub.maine_facilities__hospitals,src_hifld.hospitals,49,POINT,DHS Homeland Infrastructure Foundation-Level Data (archive),me_hifld_hospitals,imported,
Published map,maine-facilities,Maine Critical Facilities,ready,maine-boundary,Maine boundary,Boundaries,tipg-vector,yes,,pub.units__state,src_census.acs5_2024_county; src_units.state,16; 1,MULTIPOLYGON; table,U.S. Census Bureau (American Community Survey),me_acs5_2024_county,imported,
Published map,maine-habitat,Maine Habitat,ready,undeveloped-blocks-grid,Undeveloped habitat blocks (statewide),Landscape,raster-cog,yes,,cog:maine/bwh_undeveloped_blocks_30m,,,,,,imported,
Published map,maine-habitat,Maine Habitat,ready,undeveloped-blocks,Undeveloped habitat blocks,Landscape,tipg-vector,yes,10,pub.maine_habitat__undeveloped_blocks,src_habitat.undeveloped_blocks,12068,MULTIPOLYGON,"Beginning with Habitat (MDIFW, MNAP, partners)",me_bwh_undeveloped_blocks,imported,
Published map,maine-habitat,Maine Habitat,ready,habitat-connectors,Habitat connectors (likely wildlife crossings),Landscape,tipg-vector,no,9,pub.maine_habitat__habitat_connectors,src_habitat.habitat_connectors,13056,MULTILINESTRING,"Beginning with Habitat (MDIFW, MNAP, partners)",me_bwh_habitat_connectors,imported,
Published map,maine-habitat,Maine Habitat,ready,at-risk,Concentrations of at-risk species and habitats,Landscape,tipg-vector,no,,pub.maine_habitat__at_risk_concentrations,src_habitat.at_risk_concentrations,23139,MULTIPOLYGON,"Beginning with Habitat (MDIFW, MNAP, partners)",me_bwh_at_risk_concentrations,imported,
Published map,maine-habitat,Maine Habitat,ready,focus-areas,Focus areas of statewide ecological significance,Landscape,tipg-vector,yes,,pub.maine_habitat__focus_areas,src_habitat.focus_areas,101,MULTIPOLYGON,"Beginning with Habitat (MDIFW, MNAP, partners)",me_bwh_focus_areas,imported,
Published map,maine-habitat,Maine Habitat,ready,deer-wintering,Deer wintering areas,Significant wildlife habitat,tipg-vector,no,,pub.maine_habitat__deer_wintering_areas,src_habitat.deer_wintering_areas,1300,MULTIPOLYGON,Maine Department of Inland Fisheries and Wildlife,me_ifw_deer_wintering_areas,imported,
Published map,maine-habitat,Maine Habitat,ready,iwwh,Inland waterfowl and wading bird habitat,Significant wildlife habitat,tipg-vector,yes,,pub.maine_habitat__inland_waterfowl,src_habitat.inland_waterfowl_wading_bird,6186,MULTIPOLYGON,Maine Department of Inland Fisheries and Wildlife,me_ifw_inland_waterfowl_wading_bird,imported,
Published map,maine-habitat,Maine Habitat,ready,twwh,Tidal waterfowl and wading bird habitat,Significant wildlife habitat,tipg-vector,yes,,pub.maine_habitat__tidal_waterfowl,src_habitat.tidal_waterfowl_wading_bird,4564,MULTIPOLYGON,Maine Department of Inland Fisheries and Wildlife,me_ifw_tidal_waterfowl_wading_bird,imported,
Published map,maine-habitat,Maine Habitat,ready,shorebird,Shorebird areas,Significant wildlife habitat,tipg-vector,yes,,pub.maine_habitat__shorebird_areas,src_habitat.shorebird_areas,559,MULTIPOLYGON,Maine Department of Inland Fisheries and Wildlife,me_ifw_shorebird_areas,imported,
Published map,maine-habitat,Maine Habitat,ready,seabird-islands,Seabird nesting islands,Significant wildlife habitat,tipg-vector,yes,,pub.maine_habitat__seabird_islands,src_habitat.seabird_nesting_islands,256,MULTIPOLYGON,Maine Department of Inland Fisheries and Wildlife,me_ifw_seabird_nesting_islands,imported,
Published map,maine-habitat,Maine Habitat,ready,vernal-pools,Significant vernal pools,Significant wildlife habitat,tipg-vector,yes,9,pub.maine_habitat__vernal_pools,src_habitat.significant_vernal_pools,1382,MULTIPOLYGON,Maine Department of Inland Fisheries and Wildlife,me_ifw_significant_vernal_pools,imported,
Published map,maine-habitat,Maine Habitat,ready,essential-habitats,Essential habitats (endangered species),Endangered species,tipg-vector,yes,,pub.maine_habitat__essential_habitats,src_habitat.eh_piping_plover_least_tern; src_habitat.eh_roseate_tern,15; 22,MULTIPOLYGON,Maine Department of Inland Fisheries and Wildlife,me_ifw_eh_piping_plover_least_tern; me_ifw_eh_roseate_tern,imported,
Published map,maine-habitat,Maine Habitat,ready,etsc,"Endangered, threatened and special concern wildlife",Endangered species,tipg-vector,no,,pub.maine_habitat__etsc_wildlife,src_habitat.etsc_wildlife,7277,MULTIPOLYGON,Maine Department of Inland Fisheries and Wildlife,me_ifw_etsc_wildlife,imported,
Published map,maine-habitat,Maine Habitat,ready,maine-boundary,Maine boundary,Boundaries,tipg-vector,yes,,pub.units__state,src_census.acs5_2024_county; src_units.state,16; 1,MULTIPOLYGON; table,U.S. Census Bureau (American Community Survey),me_acs5_2024_county,imported,
Published map,maine-infrastructure,Maine Infrastructure,ready,parcels,Tax parcels,Property,tipg-vector,yes,13,pub.maine_lands__parcels,src_census.cousub; src_megis.parcels_organized; src_megis.parcels_unorganized; src_units.parcel_town,529; 708382; 36282; 744664,MULTIPOLYGON; table,Maine Office of GIS (MEGIS) / Maine GeoLibrary; Maine Revenue Services / Maine GeoLibrary; U.S. Census Bureau (TIGER/Line),me_cousub; me_megis_parcels_organized; me_megis_parcels_unorganized,imported,
Published map,maine-infrastructure,Maine Infrastructure,ready,roads-local,Local and other roads,Roads,tipg-vector,yes,12,pub.maine_infrastructure__roads_local,src_e911.roads,155677,MULTILINESTRING,Maine GeoLibrary / Maine Emergency Services Communication Bureau,me_e911_roads,imported,
Published map,maine-infrastructure,Maine Infrastructure,ready,roads-secondary,Secondary roads,Roads,tipg-vector,yes,9,pub.maine_infrastructure__roads_secondary,src_e911.roads,155677,MULTILINESTRING,Maine GeoLibrary / Maine Emergency Services Communication Bureau,me_e911_roads,imported,
Published map,maine-infrastructure,Maine Infrastructure,ready,roads-primary,Primary roads and ramps,Roads,tipg-vector,yes,5,pub.maine_infrastructure__roads_primary,src_e911.roads,155677,MULTILINESTRING,Maine GeoLibrary / Maine Emergency Services Communication Bureau,me_e911_roads,imported,
Published map,maine-infrastructure,Maine Infrastructure,ready,addresses,Address points (E911),Addresses,tipg-vector,yes,14,pub.maine_infrastructure__addresses,src_e911.addresses,796130,POINT,Maine GeoLibrary / Maine Emergency Services Communication Bureau,me_e911_addresses,imported,
Published map,maine-infrastructure,Maine Infrastructure,ready,wind-turbines,Wind turbines,Energy,tipg-vector,yes,,pub.maine_infrastructure__wind_turbines,src_energy.wind_turbines,466,POINT,USGS / Lawrence Berkeley National Laboratory / American Clean Power,uswtdb_me,imported,
Published map,maine-infrastructure,Maine Infrastructure,ready,maine-boundary,Maine boundary,Boundaries,tipg-vector,yes,,pub.units__state,src_census.acs5_2024_county; src_units.state,16; 1,MULTIPOLYGON; table,U.S. Census Bureau (American Community Survey),me_acs5_2024_county,imported,
Published map,maine-landcover,"Maine Land Cover, Crops & Wildfire Fuels",ready,evt,Existing vegetation type,Vegetation,raster-cog,yes,,cog:maine/landfire_evt,,,,,,imported,
Published map,maine-landcover,"Maine Land Cover, Crops & Wildfire Fuels",ready,fbfm40,Fire behavior fuel model (40),Wildfire,raster-cog,no,,cog:maine/landfire_fbfm40,,,,,,imported,
Published map,maine-landcover,"Maine Land Cover, Crops & Wildfire Fuels",ready,nlcd-2025,Land cover 2025 (Annual NLCD),Land cover,raster-cog,no,,cog:maine/nlcd_2025_landcover,,,,,,imported,
Published map,maine-landcover,"Maine Land Cover, Crops & Wildfire Fuels",ready,cdl-2025,Crops and land cover 2025 (Cropland Data Layer),Agriculture,raster-cog,no,,cog:maine/cdl_2025,,,,,,imported,
Published map,maine-landcover,"Maine Land Cover, Crops & Wildfire Fuels",ready,maine-boundary,Maine boundary,Boundaries,tipg-vector,yes,,pub.units__state,src_census.acs5_2024_county; src_units.state,16; 1,MULTIPOLYGON; table,U.S. Census Bureau (American Community Survey),me_acs5_2024_county,imported,
Published map,maine-lands,Maine Lands,ready,conserved-lands,Conserved lands (all holders),Conservation,tipg-vector,no,,pub.maine_lands__conserved_lands,src_megis.conserved_lands,12851,MULTIPOLYGON,Maine Office of GIS (MEGIS) / Maine GeoLibrary,me_megis_conserved_lands,imported,
Published map,maine-lands,Maine Lands,ready,min-temp,Extreme minimum temperature (grid),Climate,raster-cog,yes,,cog:maine/phzm_2023_min_temp,,,,,,imported,
Published map,maine-lands,Maine Lands,ready,hardiness,Plant hardiness zones (2023),Climate,tipg-vector,no,,pub.maine_lands__hardiness_zones,src_climate.hardiness_zones_2023,9,MULTIPOLYGON,"USDA-ARS / PRISM Climate Group, Oregon State University",phzm_2023_zones_me,imported,
Published map,maine-lands,Maine Lands,ready,public-lands,Public lands (BPL interests),Lands,tipg-vector,yes,,pub.maine_lands__public_lands,src_bpl.lands,2038,MULTIPOLYGON,Maine Bureau of Parks and Lands (DACF),me_bpl_lands,imported,
Published map,maine-lands,Maine Lands,ready,ntd-trails,Trails (USGS National Digital Trails),Recreation,tipg-vector,no,,pub.maine_lands__ntd_trails,src_ntd.trails,1930,MULTILINESTRING,U.S. Geological Survey (The National Map),me_ntd_trails,imported,
Published map,maine-lands,Maine Lands,ready,osm-trails,Trails and paths (OpenStreetMap),Recreation,tipg-vector,yes,10,pub.maine_lands__osm_trails,src_overture.trails,25312,MULTILINESTRING,Overture Maps Foundation (OpenStreetMap contributors),me_overture_trails,imported,
Published map,maine-lands,Maine Lands,ready,parcels,Tax parcels,Boundaries,tipg-vector,no,13,pub.maine_lands__parcels,src_census.cousub; src_megis.parcels_organized; src_megis.parcels_unorganized; src_units.parcel_town,529; 708382; 36282; 744664,MULTIPOLYGON; table,Maine Office of GIS (MEGIS) / Maine GeoLibrary; Maine Revenue Services / Maine GeoLibrary; U.S. Census Bureau (TIGER/Line),me_cousub; me_megis_parcels_organized; me_megis_parcels_unorganized,imported,
Published map,maine-lands,Maine Lands,ready,town-boundaries,Town and township boundaries,Boundaries,tipg-vector,no,,pub.maine_lands__town_boundaries,src_megis.towns,8421,MULTIPOLYGON,Maine Office of GIS (MEGIS) / Maine GeoLibrary,me_megis_towns,imported,
Published map,maine-lands,Maine Lands,ready,maine-boundary,Maine boundary,Boundaries,tipg-vector,yes,,pub.units__state,src_census.acs5_2024_county; src_units.state,16; 1,MULTIPOLYGON; table,U.S. Census Bureau (American Community Survey),me_acs5_2024_county,imported,
Published map,maine-overview,Maine Census Demographics,ready,towns-seasonal,Seasonal homes by town,Housing,tipg-vector,no,,pub.maine_overview__towns,src_census.acs5_2024_cousub; src_census.acs5_2024_profile_cousub; src_census.cousub,529; 529; 529,MULTIPOLYGON; table,U.S. Census Bureau (American Community Survey); U.S. Census Bureau (TIGER/Line),me_acs5_2024_cousub; me_acs5_2024_profile_cousub; me_cousub,imported,
Published map,maine-overview,Maine Census Demographics,ready,towns-home-value,Median home value by town,Housing,tipg-vector,no,,pub.maine_overview__towns,src_census.acs5_2024_cousub; src_census.acs5_2024_profile_cousub; src_census.cousub,529; 529; 529,MULTIPOLYGON; table,U.S. Census Bureau (American Community Survey); U.S. Census Bureau (TIGER/Line),me_acs5_2024_cousub; me_acs5_2024_profile_cousub; me_cousub,imported,
Published map,maine-overview,Maine Census Demographics,ready,towns-diversity,People of color by town,Race and ethnicity,tipg-vector,no,,pub.maine_overview__towns,src_census.acs5_2024_cousub; src_census.acs5_2024_profile_cousub; src_census.cousub,529; 529; 529,MULTIPOLYGON; table,U.S. Census Bureau (American Community Survey); U.S. Census Bureau (TIGER/Line),me_acs5_2024_cousub; me_acs5_2024_profile_cousub; me_cousub,imported,
Published map,maine-overview,Maine Census Demographics,ready,towns-education,Bachelor's degree or higher by town,Education,tipg-vector,no,,pub.maine_overview__towns,src_census.acs5_2024_cousub; src_census.acs5_2024_profile_cousub; src_census.cousub,529; 529; 529,MULTIPOLYGON; table,U.S. Census Bureau (American Community Survey); U.S. Census Bureau (TIGER/Line),me_acs5_2024_cousub; me_acs5_2024_profile_cousub; me_cousub,imported,
Published map,maine-overview,Maine Census Demographics,ready,bg-poverty,Poverty rate by block group,Income and poverty,tipg-vector,no,,pub.maine_overview__blockgroups,src_census.acs5_2024_blockgroup; src_census.blockgroup,1184; 1184,MULTIPOLYGON; table,U.S. Census Bureau (American Community Survey); U.S. Census Bureau (TIGER/Line),me_acs5_2024_blockgroup; me_blockgroups,imported,
Published map,maine-overview,Maine Census Demographics,ready,bg-income,Median household income by block group,Income and poverty,tipg-vector,no,,pub.maine_overview__blockgroups,src_census.acs5_2024_blockgroup; src_census.blockgroup,1184; 1184,MULTIPOLYGON; table,U.S. Census Bureau (American Community Survey); U.S. Census Bureau (TIGER/Line),me_acs5_2024_blockgroup; me_blockgroups,imported,
Published map,maine-overview,Maine Census Demographics,ready,tracts-poverty,Poverty rate by census tract,Income and poverty,tipg-vector,no,,pub.maine_overview__tracts,src_census.acs5_2024_profile_tract; src_census.acs5_2024_tract; src_census.tract,407; 407; 407,MULTIPOLYGON; table,U.S. Census Bureau (American Community Survey); U.S. Census Bureau (TIGER/Line),me_acs5_2024_profile_tract; me_acs5_2024_tract; me_tracts,imported,
Published map,maine-overview,Maine Census Demographics,ready,tracts-income,Median household income by census tract,Income and poverty,tipg-vector,no,,pub.maine_overview__tracts,src_census.acs5_2024_profile_tract; src_census.acs5_2024_tract; src_census.tract,407; 407; 407,MULTIPOLYGON; table,U.S. Census Bureau (American Community Survey); U.S. Census Bureau (TIGER/Line),me_acs5_2024_profile_tract; me_acs5_2024_tract; me_tracts,imported,
Published map,maine-overview,Maine Census Demographics,ready,towns-poverty,Poverty rate by town,Income and poverty,tipg-vector,no,,pub.maine_overview__towns,src_census.acs5_2024_cousub; src_census.acs5_2024_profile_cousub; src_census.cousub,529; 529; 529,MULTIPOLYGON; table,U.S. Census Bureau (American Community Survey); U.S. Census Bureau (TIGER/Line),me_acs5_2024_cousub; me_acs5_2024_profile_cousub; me_cousub,imported,
Published map,maine-overview,Maine Census Demographics,ready,towns,Median household income by town,Income and poverty,tipg-vector,no,,pub.maine_overview__towns,src_census.acs5_2024_cousub; src_census.acs5_2024_profile_cousub; src_census.cousub,529; 529; 529,MULTIPOLYGON; table,U.S. Census Bureau (American Community Survey); U.S. Census Bureau (TIGER/Line),me_acs5_2024_cousub; me_acs5_2024_profile_cousub; me_cousub,imported,
Published map,maine-overview,Maine Census Demographics,ready,blocks-density,Population density by census block (2020),Population and age,tipg-vector,no,9,pub.maine_overview__blocks,src_census.block; src_census.dec2020_block,47138; 47138,MULTIPOLYGON; table,U.S. Census Bureau (2020 Census); U.S. Census Bureau (TIGER/Line),me_blocks; me_dec2020_block,imported,
Published map,maine-overview,Maine Census Demographics,ready,towns-age,Median age by town,Population and age,tipg-vector,no,,pub.maine_overview__towns,src_census.acs5_2024_cousub; src_census.acs5_2024_profile_cousub; src_census.cousub,529; 529; 529,MULTIPOLYGON; table,U.S. Census Bureau (American Community Survey); U.S. Census Bureau (TIGER/Line),me_acs5_2024_cousub; me_acs5_2024_profile_cousub; me_cousub,imported,
Published map,maine-overview,Maine Census Demographics,ready,towns-65,People 65 and over by town,Population and age,tipg-vector,yes,,pub.maine_overview__towns,src_census.acs5_2024_cousub; src_census.acs5_2024_profile_cousub; src_census.cousub,529; 529; 529,MULTIPOLYGON; table,U.S. Census Bureau (American Community Survey); U.S. Census Bureau (TIGER/Line),me_acs5_2024_cousub; me_acs5_2024_profile_cousub; me_cousub,imported,
Published map,maine-overview,Maine Census Demographics,ready,counties,Counties,Boundaries,tipg-vector,yes,,pub.maine_overview__counties,src_census.acs5_2024_county; src_census.acs5_2024_profile_county; src_census.county,16; 16; 16,MULTIPOLYGON; table,U.S. Census Bureau (American Community Survey); U.S. Census Bureau (TIGER/Line),me_acs5_2024_county; me_acs5_2024_profile_county; me_counties,imported,
Published map,maine-overview,Maine Census Demographics,ready,maine-boundary,Maine boundary,Boundaries,tipg-vector,yes,,pub.units__state,src_census.acs5_2024_county; src_units.state,16; 1,MULTIPOLYGON; table,U.S. Census Bureau (American Community Survey),me_acs5_2024_county,imported,
Published map,maine-places,Maine Places & Buildings,ready,density-grid,Building density grid (100 m),Built environment,tipg-vector,no,9,pub.maine_places__density_grid,src_units.settlement_cells,189483,POLYGON,,,imported,
Published map,maine-places,Maine Places & Buildings,ready,settlements,Settlements (Degree of Urbanisation),Built environment,tipg-vector,yes,5,pub.maine_places__settlements,src_census.county; src_census.cousub; src_units.settlements_final,16; 529; 4929,MULTIPOLYGON,U.S. Census Bureau (TIGER/Line),me_counties; me_cousub,imported,
Published map,maine-places,Maine Places & Buildings,ready,buildings,Buildings by type,Built environment,tipg-vector,yes,13,pub.maine_places__buildings,src_overture.buildings,925166,MULTIPOLYGON,Overture Maps Foundation,me_overture_buildings,imported,
Published map,maine-places,Maine Places & Buildings,ready,places,Places,Points of interest,tipg-vector,yes,12,pub.maine_places__places,src_overture.places,75372,POINT,Overture Maps Foundation,me_overture_places,imported,
Published map,maine-places,Maine Places & Buildings,ready,maine-boundary,Maine boundary,Boundaries,tipg-vector,yes,,pub.units__state,src_census.acs5_2024_county; src_units.state,16; 1,MULTIPOLYGON; table,U.S. Census Bureau (American Community Survey),me_acs5_2024_county,imported,
Published map,maine-soils,Maine Soils,ready,hsg-grid,Hydrologic soil group (statewide),Soils,raster-cog,yes,,cog:maine/soils_hsg_30m,,,,,,imported,
Published map,maine-soils,Maine Soils,ready,hsg,Hydrologic soil group (map units),Soils,tipg-vector,yes,11,pub.maine_soils__mapunits,src_ssurgo.mapunit; src_ssurgo.mupolygon,1864; 403291,MULTIPOLYGON; table,USDA Natural Resources Conservation Service,me_ssurgo_mapunit; me_ssurgo_mupolygon,imported,
Published map,maine-soils,Maine Soils,ready,drainage,Drainage class,Soils,tipg-vector,no,11,pub.maine_soils__mapunits,src_ssurgo.mapunit; src_ssurgo.mupolygon,1864; 403291,MULTIPOLYGON; table,USDA Natural Resources Conservation Service,me_ssurgo_mapunit; me_ssurgo_mupolygon,imported,
Published map,maine-soils,Maine Soils,ready,farmland,Farmland classification,Soils,tipg-vector,no,11,pub.maine_soils__mapunits,src_ssurgo.mapunit; src_ssurgo.mupolygon,1864; 403291,MULTIPOLYGON; table,USDA Natural Resources Conservation Service,me_ssurgo_mapunit; me_ssurgo_mupolygon,imported,
Published map,maine-soils,Maine Soils,ready,maine-boundary,Maine boundary,Boundaries,tipg-vector,yes,,pub.units__state,src_census.acs5_2024_county; src_units.state,16; 1,MULTIPOLYGON; table,U.S. Census Bureau (American Community Survey),me_acs5_2024_county,imported,
Published map,maine-terrain,Maine Terrain,ready,hillshade,Hillshade,Terrain,raster-cog,yes,,cog:maine/hillshade_30m,,,,,,imported,
Published map,maine-terrain,Maine Terrain,ready,elevation,Elevation,Terrain,raster-cog,yes,,cog:maine/dem_30m,,,,,,imported,
Published map,maine-terrain,Maine Terrain,ready,slope,Slope,Terrain,raster-cog,no,,cog:maine/slope_30m,,,,,,imported,
Published map,maine-terrain,Maine Terrain,ready,contours,Contours (100 ft),Terrain,tipg-vector,yes,10,pub.maine_terrain__contours,src_terrain.contours_100ft,52879,MULTILINESTRING,Derived from USGS 3DEP,me_terrain_contours_100ft,imported,
Published map,maine-terrain,Maine Terrain,ready,lidar-projects,Lidar collections (3DEP),Terrain,tipg-vector,no,,pub.maine_terrain__lidar_projects,src_terrain.lidar_projects,32,MULTIPOLYGON,U.S. Geological Survey (3D Elevation Program),me_3dep_lidar_projects,imported,
Published map,maine-terrain,Maine Terrain,ready,maine-boundary,Maine boundary,Boundaries,tipg-vector,yes,,pub.units__state,src_census.acs5_2024_county; src_units.state,16; 1,MULTIPOLYGON; table,U.S. Census Bureau (American Community Survey),me_acs5_2024_county,imported,
Published map,maine-transportation,Maine Transportation,ready,public-roads,Public roads by functional class,Roads,tipg-vector,yes,,pub.maine_transportation__public_roads,src_mdot.public_roads,100799,MULTILINESTRING,Maine Department of Transportation,me_mdot_public_roads,imported,
Published map,maine-transportation,Maine Transportation,ready,speed-limits,Posted speed limits,Roads,tipg-vector,no,,pub.maine_transportation__speed_limits,src_mdot.posted_speed_limits,10954,MULTILINESTRING,Maine Department of Transportation,me_mdot_posted_speed_limits,imported,
Published map,maine-transportation,Maine Transportation,ready,scenic-byways,Scenic byways,Roads,tipg-vector,no,,pub.maine_transportation__scenic_byways,src_mdot.scenic_byways,19,MULTILINESTRING,Maine Department of Transportation,me_mdot_scenic_byways,imported,
Published map,maine-transportation,Maine Transportation,ready,rail,Railroads,Rail,tipg-vector,yes,,pub.maine_transportation__rail,src_ntd.rail,1588,MULTILINESTRING,U.S. Geological Survey (The National Map),me_ntd_rail,imported,
Published map,maine-transportation,Maine Transportation,ready,rail-crossings,Railroad crossings,Rail,tipg-vector,no,10,pub.maine_transportation__railroad_crossings,src_mdot.railroad_crossings,1488,POINT,Maine Department of Transportation,me_mdot_railroad_crossings,imported,
Published map,maine-transportation,Maine Transportation,ready,bridges,Bridges by condition,Structures,tipg-vector,yes,,pub.maine_transportation__bridges,src_mdot.bridges,4634,POINT,Maine Department of Transportation,me_mdot_bridges,imported,
Published map,maine-transportation,Maine Transportation,ready,large-culverts,Large culverts by condition,Structures,tipg-vector,no,,pub.maine_transportation__large_culverts,src_mdot.large_culverts,1929,POINT,Maine Department of Transportation,me_mdot_large_culverts,imported,
Published map,maine-transportation,Maine Transportation,ready,traffic-signals,Traffic signals,Traffic,tipg-vector,no,10,pub.maine_transportation__traffic_signals,src_mdot.traffic_signals,1146,POINT,Maine Department of Transportation,me_mdot_traffic_signals,imported,
Published map,maine-transportation,Maine Transportation,ready,park-and-ride,Park and ride lots,Traffic,tipg-vector,yes,,pub.maine_transportation__park_and_ride,src_mdot.park_and_ride,58,POINT,Maine Department of Transportation,me_mdot_park_and_ride,imported,
Published map,maine-transportation,Maine Transportation,ready,airports,"Airports, seaplane bases and heliports",Air,tipg-vector,yes,,pub.maine_transportation__airports,src_ntd.airports,363,POINT,U.S. Geological Survey (The National Map),me_ntd_airports,imported,
Published map,maine-transportation,Maine Transportation,ready,maine-boundary,Maine boundary,Boundaries,tipg-vector,yes,,pub.units__state,src_census.acs5_2024_county; src_units.state,16; 1,MULTIPOLYGON; table,U.S. Census Bureau (American Community Survey),me_acs5_2024_county,imported,
Published map,maine-water,Maine Water,ready,flood-zones,Flood hazard zones (FEMA NFHL),Hazards,tipg-vector,no,9,pub.maine_water__flood_zones,src_fema.flood_zones,145319,MULTIPOLYGON,Federal Emergency Management Agency,me_fema_nfhl_flood_zones,imported,
Published map,maine-water,Maine Water,ready,wetlands,Wetlands (NWI),Wetlands,tipg-vector,yes,11,pub.maine_water__wetlands,src_nwi.wetlands,588550,MULTIPOLYGON,U.S. Fish and Wildlife Service,nwi_me,imported,
Published map,maine-water,Maine Water,ready,assessed-lakes,Assessed lakes and estuaries,Water quality,tipg-vector,yes,,pub.maine_water__assessed_lakes,src_attains.assessment_areas,421,MULTIPOLYGON,U.S. EPA ATTAINS / Maine DEP,attains_me_areas,imported,
Published map,maine-water,Maine Water,ready,assessed-streams,Assessed streams and rivers,Water quality,tipg-vector,yes,,pub.maine_water__assessed_streams,src_attains.assessment_lines,389,MULTILINESTRING,U.S. EPA ATTAINS / Maine DEP,attains_me_lines,imported,
Published map,maine-water,Maine Water,ready,dams,Dams (National Inventory of Dams),Infrastructure,tipg-vector,no,,pub.maine_water__dams,src_hifld.dams,586,POINT,DHS Homeland Infrastructure Foundation-Level Data (archive),me_hifld_dams,imported,
Published map,maine-water,Maine Water,ready,watersheds,Watersheds (HUC-8),Watersheds,tipg-vector,yes,,pub.maine_water__watersheds,src_hydro.wbd_huc8,30,MULTIPOLYGON,U.S. Geological Survey (National Hydrography),me_wbd_huc8,imported,
Published map,maine-water,Maine Water,ready,subwatersheds,Sub-watersheds (HUC-12),Watersheds,tipg-vector,no,9,pub.maine_water__subwatersheds,src_hydro.wbd_huc12,1089,MULTIPOLYGON,U.S. Geological Survey (National Hydrography),me_wbd_huc12,imported,
Published map,maine-water,Maine Water,ready,stream-gauges,"Stream gauges (USGS, real time)",Monitoring,tipg-vector,yes,,pub.maine_water__stream_gauges,src_hydro.usgs_latest_flow; src_hydro.usgs_stream_sites,106; 744,POINT,U.S. Geological Survey (Water Mission Area),me_usgs_latest_flow; me_usgs_stream_sites,imported,
Published map,maine-water,Maine Water,ready,maine-boundary,Maine boundary,Boundaries,tipg-vector,yes,,pub.units__state,src_census.acs5_2024_county; src_units.state,16; 1,MULTIPOLYGON; table,U.S. Census Bureau (American Community Survey),me_acs5_2024_county,imported,
Draft map,world-overview,World Overview,draft,countries,Countries by population,Boundaries,tipg-vector,yes,,pub.world_overview__countries,src_ne.countries,177,MULTIPOLYGON,Natural Earth (naturalearthdata.com),ne_countries,imported,
Draft map,world-overview,World Overview,draft,admin1,States and provinces,Boundaries,tipg-vector,yes,,pub.world_overview__admin1,src_ne.admin1,294,MULTIPOLYGON,Natural Earth (naturalearthdata.com),ne_admin1,imported,
Draft map,world-overview,World Overview,draft,places,Populated places,Places,tipg-vector,yes,,pub.world_overview__places,src_ne.populated_places,243,POINT,Natural Earth (naturalearthdata.com),ne_populated_places,imported,
"Available: published view, not on a map",,,,,maine_landcover__crops,,view,,,pub.maine_landcover__crops,src_census.county; src_raster.class_area,,,,,imported,chart data (class acres by county)
"Available: published view, not on a map",,,,,maine_landcover__land_cover,,view,,,pub.maine_landcover__land_cover,src_census.county; src_raster.class_area,,,,,imported,chart data (class acres by county)
"Available: published view, not on a map",,,,,units__block,,view,,,pub.units__block,src_census.block; src_census.county; src_census.cousub; src_census.dec2020_block; src_units.block_town,,,,,imported,boundary unit for the project builder and quick maps
"Available: published view, not on a map",,,,,units__blockgroup,,view,,,pub.units__blockgroup,src_census.acs5_2024_blockgroup; src_census.blockgroup; src_census.county,,,,,imported,boundary unit for the project builder and quick maps
"Available: published view, not on a map",,,,,units__county,,view,,,pub.units__county,src_census.acs5_2024_county; src_census.county,,,,,imported,boundary unit for the project builder and quick maps
"Available: published view, not on a map",,,,,units__parcel,,view,,,pub.units__parcel,src_census.county; src_census.cousub; src_megis.parcels_organized; src_megis.parcels_unorganized; src_units.parcel_town,,,,,imported,boundary unit for the project builder and quick maps
"Available: published view, not on a map",,,,,units__town,,view,,,pub.units__town,src_census.acs5_2024_cousub; src_census.county; src_census.cousub,,,,,imported,boundary unit for the project builder and quick maps
"Available: published view, not on a map",,,,,units__tract,,view,,,pub.units__tract,src_census.acs5_2024_tract; src_census.county; src_census.tract,,,,,imported,boundary unit for the project builder and quick maps
"Available: published view, not on a map",,,,,analysis_sandbox__job_* (38 views),,view,,,,,,,,,imported,leftover analysis results from testing; can be deleted
"Available: raster, not on a map",,,,,"Elevation, 10 m (USGS 3DEP 1/3 arc-second, Maine)",,raster,,,cog:maine/dem_10m,,,raster,U.S. Geological Survey (3D Elevation Program),me_terrain_dem_10m,imported,built; derived products not yet made
New data (2026-10-05 batch),,,,,Watersheds of lakes most at risk (DEP),,vector,,,,src_dep.at_risk_lake_watersheds,475,MULTIPOLYGON,Maine Department of Environmental Protection,me_dep_at_risk_lake_watersheds,imported,Watersheds of lakes most at risk from new development.
New data (2026-10-05 batch),,,,,Lakes most at risk from development (DEP),,vector,,,,src_dep.at_risk_lakes,238,MULTIPOLYGON,Maine Department of Environmental Protection,me_dep_at_risk_lakes,imported,Lakes on DEP's list of lakes most at risk from new development.
New data (2026-10-05 batch),,,,,Closed municipal landfills (DEP),,vector,,,,src_dep.closed_landfills,503,POINT,Maine Department of Environmental Protection,me_dep_closed_landfills,imported,Closed municipal solid waste landfills.
New data (2026-10-05 batch),,,,,Combined sewer overflow outfalls (DEP),,vector,,,,src_dep.cso_outfalls,266,POINT,Maine Department of Environmental Protection,me_dep_cso_outfalls,imported,Combined sewer overflow (CSO) outfalls.
New data (2026-10-05 batch),,,,,Dam impoundments (DEP),,vector,,,,src_dep.dam_impoundments,127,MULTIPOLYGON,Maine Department of Environmental Protection,me_dep_dam_impoundments,imported,Waters impounded behind DEP-inventoried dams.
New data (2026-10-05 batch),,,,,"Dams, points (DEP)",,vector,,,,src_dep.dams_points,1293,POINT,Maine Department of Environmental Protection,me_dep_dams_points,imported,Dams in DEP's dam and impoundment inventory.
New data (2026-10-05 batch),,,,,"Dams, footprints (DEP)",,vector,,,,src_dep.dams_polygons,1256,MULTIPOLYGON,Maine Department of Environmental Protection,me_dep_dams_polygons,imported,Dam structures mapped as polygons.
New data (2026-10-05 batch),,,,,Head of tide (DEP),,vector,,,,src_dep.head_of_tide,110,POINT,Maine Department of Environmental Protection,me_dep_head_of_tide,imported,Upstream limit of tidal influence on Maine's rivers and streams.
New data (2026-10-05 batch),,,,,Healthy Beaches beach management areas,,vector,,,,src_dep.healthy_beaches_areas,68,POINT,Maine Healthy Beaches (UMaine Cooperative Extension / DEP),me_dep_healthy_beaches_areas,imported,Beach management areas monitored by Maine Healthy Beaches.
New data (2026-10-05 batch),,,,,Healthy Beaches monitoring sites,,vector,,,,src_dep.healthy_beaches_sites,95,POINT,Maine Healthy Beaches (UMaine Cooperative Extension / DEP),me_dep_healthy_beaches_sites,imported,Coastal beach water-quality monitoring sites (Maine Healthy Beaches program).
New data (2026-10-05 batch),,,,,Impervious cover TMDL watersheds (DEP),,vector,,,,src_dep.impervious_tmdl_watersheds,40,MULTIPOLYGON,Maine Department of Environmental Protection,me_dep_impervious_tmdl_watersheds,imported,Watersheds with an impervious-cover TMDL.
New data (2026-10-05 batch),,,,,Waterbodies infested with invasive aquatic plants (DEP),,vector,,,,src_dep.infested_waterbodies,75,MULTIPOLYGON,Maine Department of Environmental Protection,me_dep_infested_waterbodies,imported,"Lakes, ponds and streams with a confirmed invasive aquatic plant infestation."
New data (2026-10-05 batch),,,,,Invasive aquatic plants: current infestations (DEP),,vector,,,,src_dep.invasive_current_infestations,169,POINT,Maine Department of Environmental Protection,me_dep_invasive_current_infestations,imported,"Known infestations of invasive aquatic plants (milfoil, hydrilla, curly-leaf pondweed ...)."
New data (2026-10-05 batch),,,,,Public lake access sites (DEP lake vulnerability analysis),,vector,,,,src_dep.lake_access,1035,POINT,Maine Department of Environmental Protection,me_dep_lake_access,imported,Public boat and lake access points used in DEP's invasive-species vulnerability analysis.
New data (2026-10-05 batch),,,,,Lake depth soundings (DEP),,vector,,,,src_dep.lake_depth_points,147755,POINT,Maine Department of Environmental Protection,me_dep_lake_depth_points,imported,"Depth points from lake bathymetry surveys (about 148,000 soundings)."
New data (2026-10-05 batch),,,,,Lakes: risk score for invasive aquatic species (DEP),,vector,,,,src_dep.lake_invasive_risk,2660,MULTIPOLYGON,Maine Department of Environmental Protection,me_dep_lake_invasive_risk,imported,"DEP's vulnerability score for each lake, from access, proximity to infestations and lake traits."
New data (2026-10-05 batch),,,,,"Lakes and ponds, points (DEP lakes database)",,vector,,,,src_dep.lake_points,6790,POINT,Maine Department of Environmental Protection,me_dep_lake_points,imported,One point per lake or pond in DEP's lakes database (MIDAS).
New data (2026-10-05 batch),,,,,Lake sample stations (DEP),,vector,,,,src_dep.lake_sample_stations,2927,POINT,Maine Department of Environmental Protection,me_dep_lake_sample_stations,imported,Lake water-quality monitoring stations.
New data (2026-10-05 batch),,,,,Lake watersheds (DEP),,vector,,,,src_dep.lake_watersheds,4132,MULTIPOLYGON,Maine Department of Environmental Protection,me_dep_lake_watersheds,imported,Direct watersheds of Maine lakes.
New data (2026-10-05 batch),,,,,Closed landfills: estimated waste areas (DEP),,vector,,,,src_dep.landfill_waste_areas,614,MULTIPOLYGON,Maine Department of Environmental Protection,me_dep_landfill_waste_areas,imported,Estimated extent of waste at closed municipal landfills.
New data (2026-10-05 batch),,,,,Licensed wastewater dischargers (DEP MEPDES facilities),,vector,,,,src_dep.mepdes_facilities,500,POINT,Maine Department of Environmental Protection,me_dep_mepdes_facilities,imported,Facilities licensed to discharge to Maine waters under MEPDES.
New data (2026-10-05 batch),,,,,Licensed discharge outfalls (DEP MEPDES),,vector,,,,src_dep.mepdes_outfalls,1149,POINT,Maine Department of Environmental Protection,me_dep_mepdes_outfalls,imported,Outfall locations of licensed dischargers.
New data (2026-10-05 batch),,,,,"Lakes and ponds, polygons (DEP MIDAS waterbodies)",,vector,,,,src_dep.midas_waterbodies,5831,MULTIPOLYGON,Maine Department of Environmental Protection,me_dep_midas_waterbodies,imported,Lake and pond outlines keyed by MIDAS number.
New data (2026-10-05 batch),,,,,"Outstanding National Resource Waters: Class AA rivers, polygons (DEP)",,vector,,,,src_dep.onrw_class_aa_stream_polygons,255,MULTIPOLYGON,Maine Department of Environmental Protection,me_dep_onrw_class_aa_stream_polygons,imported,Class AA streams and rivers mapped as polygons.
New data (2026-10-05 batch),,,,,Outstanding National Resource Waters: Class AA streams (DEP),,vector,,,,src_dep.onrw_class_aa_streams,3797,MULTILINESTRING,Maine Department of Environmental Protection,me_dep_onrw_class_aa_streams,imported,Class AA streams and rivers (lines).
New data (2026-10-05 batch),,,,,Outstanding National Resource Waters: Class SA tidal waters (DEP),,vector,,,,src_dep.onrw_class_sa_tidal,32,MULTIPOLYGON,Maine Department of Environmental Protection,me_dep_onrw_class_sa_tidal,imported,Class SA tidal waters.
New data (2026-10-05 batch),,,,,"Outstanding National Resource Waters: rivers in conserved lands, polygons (DEP)",,vector,,,,src_dep.onrw_conserved_stream_polygons,171,MULTIPOLYGON,Maine Department of Environmental Protection,me_dep_onrw_conserved_stream_polygons,imported,Rivers within conserved lands mapped as polygons.
New data (2026-10-05 batch),,,,,Outstanding National Resource Waters: streams in conserved lands (DEP),,vector,,,,src_dep.onrw_conserved_streams,7349,MULTILINESTRING,Maine Department of Environmental Protection,me_dep_onrw_conserved_streams,imported,Streams and rivers within conserved lands (lines).
New data (2026-10-05 batch),,,,,Outstanding National Resource Waters: lakes and ponds (DEP),,vector,,,,src_dep.onrw_lakes,2351,MULTIPOLYGON,Maine Department of Environmental Protection,me_dep_onrw_lakes,imported,Lakes and ponds designated Outstanding National Resource Waters.
New data (2026-10-05 batch),,,,,PFAS groundwater results (DEP),,vector,,,,src_dep.pfas_groundwater,3672,POINT,Maine Department of Environmental Protection,me_dep_pfas_groundwater,imported,Drinking-water well PFAS results from DEP's PFAS investigation (LD 1600 program).
New data (2026-10-05 batch),,,,,PFAS groundwater results outside LD 1600 (DEP),,vector,,,,src_dep.pfas_groundwater_other,446,POINT,Maine Department of Environmental Protection,me_dep_pfas_groundwater_other,imported,Groundwater PFAS results from other DEP programs.
New data (2026-10-05 batch),,,,,PFAS LD 1600 soil sample polygons (DEP),,vector,,,,src_dep.pfas_ld1600_soil_polygons,906,MULTIPOLYGON,Maine Department of Environmental Protection,me_dep_pfas_ld1600_soil_polygons,imported,Soil sample areas under LD 1600.
New data (2026-10-05 batch),,,,,PFAS LD 1911 sample locations (DEP),,vector,,,,src_dep.pfas_ld1911_samples,143,POINT,Maine Department of Environmental Protection,me_dep_pfas_ld1911_samples,imported,Sample locations under LD 1911.
New data (2026-10-05 batch),,,,,Licensed sludge and septage application fields (DEP),,vector,,,,src_dep.pfas_licensed_fields,4664,MULTIPOLYGON,Maine Department of Environmental Protection,me_dep_pfas_licensed_fields,imported,"Fields licensed for land application of sludge or septage, the starting point of DEP's PFAS investigation."
New data (2026-10-05 batch),,,,,PFAS soil sample areas (DEP),,vector,,,,src_dep.pfas_soil_sample_areas,923,MULTIPOLYGON,Maine Department of Environmental Protection,me_dep_pfas_soil_sample_areas,imported,Areas sampled for PFAS in soil.
New data (2026-10-05 batch),,,,,PFAS soil sample locations (DEP),,vector,,,,src_dep.pfas_soil_samples,140,POINT,Maine Department of Environmental Protection,me_dep_pfas_soil_samples,imported,Soil sample locations in DEP's PFAS investigation.
New data (2026-10-05 batch),,,,,"PFAS surface water samples (DEP, LD 1600)",,vector,,,,src_dep.pfas_surface_water,41,POINT,Maine Department of Environmental Protection,me_dep_pfas_surface_water,imported,Surface water PFAS sample points.
New data (2026-10-05 batch),,,,,PFAS water treatment systems installed (DEP),,vector,,,,src_dep.pfas_treatment_systems,500,POINT,Maine Department of Environmental Protection,me_dep_pfas_treatment_systems,imported,Water treatment systems DEP installed at homes with PFAS above the interim standard.
New data (2026-10-05 batch),,,,,Municipal recycling accepting from all towns (DEP),,vector,,,,src_dep.recycling_all_towns,6,POINT,Maine Department of Environmental Protection,me_dep_recycling_all_towns,imported,Municipal recycling facilities that accept materials from any town.
New data (2026-10-05 batch),,,,,Computer equipment collection sites (DEP),,vector,,,,src_dep.recycling_computers,34,POINT,Maine Department of Environmental Protection,me_dep_recycling_computers,imported,Electronics collection: computer equipment.
New data (2026-10-05 batch),,,,,All-electronics collection sites (DEP),,vector,,,,src_dep.recycling_electronics,3,POINT,Maine Department of Environmental Protection,me_dep_recycling_electronics,imported,Electronics collection: all electronics.
New data (2026-10-05 batch),,,,,Fluorescent lamp collection sites (DEP),,vector,,,,src_dep.recycling_fluorescent_lamps,69,POINT,Maine Department of Environmental Protection,me_dep_recycling_fluorescent_lamps,imported,Universal waste collection: fluorescent lamps.
New data (2026-10-05 batch),,,,,Municipal recycling for individual towns (DEP),,vector,,,,src_dep.recycling_individual_towns,222,POINT,Maine Department of Environmental Protection,me_dep_recycling_individual_towns,imported,Municipal recycling facilities serving their own town.
New data (2026-10-05 batch),,,,,Mercury thermostat collection sites (DEP),,vector,,,,src_dep.recycling_mercury_thermostats,83,POINT,Maine Department of Environmental Protection,me_dep_recycling_mercury_thermostats,imported,Universal waste collection: mercury thermostats.
New data (2026-10-05 batch),,,,,Towns with no local municipal recycling (DEP),,vector,,,,src_dep.recycling_no_local,639,POINT,Maine Department of Environmental Protection,me_dep_recycling_no_local,imported,Towns without a local municipal recycling program.
New data (2026-10-05 batch),,,,,Bottle redemption centers (DEP),,vector,,,,src_dep.redemption_centers,311,POINT,Maine Department of Environmental Protection,me_dep_redemption_centers,imported,Licensed beverage container redemption centers.
New data (2026-10-05 batch),,,,,Remediation sites (DEP),,vector,,,,src_dep.remediation_sites,4027,POINT,Maine Department of Environmental Protection,me_dep_remediation_sites,imported,"Sites in DEP's remediation programs: Brownfields, Superfund, voluntary response, uncontrolled sites and spills under cleanup."
New data (2026-10-05 batch),,,,,Solar power sites (DEP),,vector,,,,src_dep.solar_sites,386,POINT,Maine Department of Environmental Protection,me_dep_solar_sites,imported,Solar energy developments permitted or reviewed by DEP.
New data (2026-10-05 batch),,,,,Urban impaired stream watersheds (DEP),,vector,,,,src_dep.urban_impaired_watersheds,41,MULTIPOLYGON,Maine Department of Environmental Protection,me_dep_urban_impaired_watersheds,imported,Watersheds of urban streams not meeting water-quality standards.
New data (2026-10-05 batch),,,,,"Licensed child care providers (Maine, 2024)",,vector,,,,src_dhhs.childcare_providers,1492,POINT,Maine Department of Health and Human Services,me_dhhs_childcare,imported,Licensed child care providers with Rising Stars quality ratings (May 2024).
New data (2026-10-05 batch),,,,,"Alewife spawning habitat, current and potential (DMR)",,vector,,,,src_dmr.alewife_habitat,416,MULTIPOLYGON,Maine Department of Marine Resources,me_dmr_alewife_habitat,imported,"Lakes and ponds that are, or could be, alewife spawning habitat."
New data (2026-10-05 batch),,,,,Atlantic salmon habitat (DMR),,vector,,,,src_dmr.atlantic_salmon_habitat,21345,MULTILINESTRING,Maine Department of Marine Resources,me_dmr_atlantic_salmon_habitat,imported,"Atlantic salmon spawning and rearing habitat, by stream reach."
New data (2026-10-05 batch),,,,,Lobster management zones (DMR),,vector,,,,src_dmr.lobster_zones,7,MULTIPOLYGON,Maine Department of Marine Resources,me_dmr_lobster_zones,imported,Maine's seven lobster management zones (A-G).
New data (2026-10-05 batch),,,,,School administrative units (Maine),,vector,,,,src_education.school_admin_units,8040,MULTIPOLYGON,Maine Department of Education,me_doe_school_admin_units,imported,"School administrative units (districts, RSUs, AOS) by town."
New data (2026-10-05 batch),,,,,"Congressional districts, 2013-2022 plan (Maine, 116th Congress)",,vector,,,,src_elections.congressional_districts_cd116,2,MULTIPOLYGON,U.S. Census Bureau (TIGER/Line),me_elections_cd116,imported,"Maine's two U.S. House districts as drawn for 2013-2022 (TIGER/Line 2020, 116th Congress)."
New data (2026-10-05 batch),,,,,"Congressional districts, 119th Congress (Maine)",,vector,,,,src_elections.congressional_districts_cd119,2,MULTIPOLYGON,U.S. Census Bureau (TIGER/Line),me_elections_cd119,imported,Maine's two U.S. House districts as drawn for 2023 onward (TIGER/Line 2024).
New data (2026-10-05 batch),,,,,Presidential returns by county 2000-2024 (Maine),,table,,,,src_elections.county_president_returns,,,MIT Election Data and Science Lab,me_elections_county_president_returns,pending: download the file by hand (Dataverse guestbook) into data/manual/,"Presidential votes by county and candidate in Maine, 2000-2024 (MIT Election Data and Science Lab). Behind a Dataverse guestbook: download countypres_2000-2024.csv by hand from doi:10.7910/DVN/VOQCHQ into data/manual/, t"
New data (2026-10-05 batch),,,,,U.S. House returns 1976-2024 (Maine),,table,,,,src_elections.us_house_returns,,,MIT Election Data and Science Lab,me_elections_us_house_returns,pending: download the file by hand (Dataverse guestbook) into data/manual/,"Votes by candidate and party in Maine's U.S. House elections, 1976-2024 (MIT Election Data and Science Lab). The file sits behind a Dataverse guestbook: download 1976-2024-house.tab by hand from doi:10.7910/DVN/IG0UN2 in"
New data (2026-10-05 batch),,,,,Electric utility service areas (Maine),,vector,,,,src_energy.electric_service_areas,459,MULTIPOLYGON,Maine Public Utilities Commission,me_energy_electric_service_areas,imported,"Territories of Maine's electric utilities (CMP, Versant and consumer-owned utilities). Last updated 2016."
New data (2026-10-05 batch),,,,,Alternative fuel and EV charging stations (Maine),,vector,,,,src_energy.ev_stations,705,POINT,"U.S. Department of Energy, Alternative Fuels Data Center (via Esri Living Atlas)",me_energy_ev_stations,imported,"Stations from the DOE Alternative Fuels Data Center (Level 1, Level 2 and DC fast ports by network), via Esri's live feed."
New data (2026-10-05 batch),,,,,"National Risk Index by census tract (FEMA, Maine)",,vector,,,,src_fema.nri_tracts,400,MULTIPOLYGON,Federal Emergency Management Agency,me_fema_nri_tracts,imported,"FEMA National Risk Index: expected annual loss, social vulnerability, community resilience and risk scores for 18 natural hazards, per census tract."
New data (2026-10-05 batch),,,,,Wild brook trout presence (IFW),,vector,,,,src_habitat.wild_brook_trout,56160,MULTIPOLYGON,Maine Department of Inland Fisheries and Wildlife,me_habitat_wild_brook_trout,imported,Waters where wild brook trout are present.
New data (2026-10-05 batch),,,,,Wildlife Management Area access points (IFW),,vector,,,,src_habitat.wma_access_points,168,POINT,Maine Department of Inland Fisheries and Wildlife,me_habitat_wma_access_points,imported,Parking and access points for Wildlife Management Areas.
New data (2026-10-05 batch),,,,,Wildlife Management Areas (IFW),,vector,,,,src_habitat.wma_boundaries,69,MULTIPOLYGON,Maine Department of Inland Fisheries and Wildlife,me_habitat_wma_boundaries,imported,Boundaries of IFW Wildlife Management Areas.
New data (2026-10-05 batch),,,,,"Health by census tract (CDC PLACES 2025, Maine)",,vector,,,,src_health.places_tract,16000,POINT,Centers for Disease Control and Prevention,me_cdc_places_tract,imported,"CDC PLACES model-based estimates for about 40 measures (chronic disease, risk behaviours, prevention, disability, social needs) per census tract, one row per tract and measure (2025 release, 2023 data). Points are tract "
New data (2026-10-05 batch),,,,,Historic districts (Maine),,vector,,,,src_history.historic_districts,255,MULTIPOLYGON,Maine Historic Preservation Commission,me_history_districts,imported,National Register historic districts in Maine.
New data (2026-10-05 batch),,,,,"National Register of Historic Places, points (Maine)",,vector,,,,src_history.nrhp_points,1330,POINT,National Park Service,me_history_nrhp_points,imported,Properties listed in the National Register of Historic Places.
New data (2026-10-05 batch),,,,,"National Register of Historic Places, boundaries (Maine)",,vector,,,,src_history.nrhp_polygons,272,MULTIPOLYGON,National Park Service,me_history_nrhp_polygons,imported,Mapped boundaries of National Register properties.
New data (2026-10-05 batch),,,,,Significant sand and gravel aquifers (MGS),,vector,,,,src_mgs.aquifers,9253,MULTIPOLYGON,Maine Geological Survey,me_mgs_aquifers,imported,Mapped significant sand and gravel aquifers with yield classes.
New data (2026-10-05 batch),,,,,Faults and metamorphic zone lines (MGS),,vector,,,,src_mgs.bedrock_faults,1379,MULTILINESTRING,Maine Geological Survey,me_mgs_bedrock_faults,imported,Faults and metamorphic zone boundaries of the state bedrock map.
New data (2026-10-05 batch),,,,,"Bedrock geology, generalized (MGS)",,vector,,,,src_mgs.bedrock_generalized,107,MULTIPOLYGON,Maine Geological Survey,me_mgs_bedrock_generalized,imported,Generalized bedrock geology (rock families).
New data (2026-10-05 batch),,,,,"Bedrock geology units (MGS 1:500,000, simplified)",,vector,,,,src_mgs.bedrock_units,4569,MULTIPOLYGON,Maine Geological Survey,me_mgs_bedrock_units,imported,Bedrock map units of the state bedrock geologic map.
New data (2026-10-05 batch),,,,,Sand dune erosion hazard areas (MGS),,vector,,,,src_mgs.dune_erosion_hazard,1639,MULTIPOLYGON,Maine Geological Survey,me_mgs_dune_erosion_hazard,imported,Dune areas mapped as erosion hazard areas.
New data (2026-10-05 batch),,,,,Sand beaches (MGS),,vector,,,,src_mgs.sand_beaches,54,MULTIPOLYGON,Maine Geological Survey,me_mgs_sand_beaches,imported,Maine's sand beaches.
New data (2026-10-05 batch),,,,,Sand dune boundaries (MGS),,vector,,,,src_mgs.sand_dunes,1712,MULTIPOLYGON,Maine Geological Survey,me_mgs_sand_dunes,imported,Coastal sand dune system boundaries.
New data (2026-10-05 batch),,,,,Water wells (MGS wells database),,vector,,,,src_mgs.wells,96488,POINT,Maine Geological Survey,me_mgs_wells,imported,"Water wells reported by drillers: depth, yield, depth to bedrock. Private wells: publish only aggregated."
"Available: imported data, not on a map",,,,,"Roads (USGS National Transportation Dataset, Maine)",,vector,,,,src_ntd.roads,221687,MULTILINESTRING,U.S. Geological Survey (The National Map),me_ntd_roads,imported,"Road segments with route numbers and functional class (TNM NTD, from Census TIGER and state sources)."
